T_REC,MEANGBZ,HARPNUM,R_VALUE,TOTUSJH,USFLUX,TOTPOT,MEANPOT,AREA_ACR,NOAA_ARS,LON_MIN,LON_MAX,LAT_MIN,LAT_MAX,QUALITY,USFLUX,MEANGAM,MEANGBT,MEANGBH,MEANJZD,TOTUSJZ,MEANALP,MEANJZH,ABSNJZH,SAVNCPP,MEANSHR,SHRGT45
2019.01.01_12:00:00_TAI,111.906,7331,3.165,94.203,8.799011e+20,9.678284e+21,3688.068,63.802952,12732,8.795808,15.141624,8.056106,10.934372,0,8.799011e+20,58.451,111.735,74.122,-0.28215775,2309177000000.0,-0.02882593,-0.00758836,14.987,283629800000.0,43.399,42.358
2019.01.02_12:00:00_TAI,115.803,7331,0.0,395.43,4.189927e+21,5.859376e+22,5926.968,175.934647,12732,20.796906,30.769125,6.85355,11.381269,0,4.189927e+21,55.949,117.404,74.881,-0.13821074,8005630000000.0,0.01476456,0.00600518,44.703,1580598000000.0,42.149,38.34
2019.01.03_12:00:00_TAI,118.72,7331,3.624,503.633,6.900312e+21,8.914059e+22,6561.904,246.56694,12732,33.82682,45.172356,6.12576,11.950671,0,6.900312e+21,44.061,118.048,61.808,-0.07573164,9731645000000.0,0.01594537,0.0072657,74.321,1270568000000.0,35.958,27.099
2019.01.05_12:00:00_TAI,76.519,7331,2.866,243.933,5.907448e+21,2.884663e+22,2488.103,103.07254,12732,61.58802,71.560089,6.939288,11.045287,0,5.907448e+21,30.279,76.333,35.035,-0.15473454,4577554000000.0,0.01302279,0.00463361,40.451,1892377000000.0,23.388,7.09
2019.01.06_12:00:00_TAI,99.101,7331,3.172,292.226,6.399587e+21,3.257478e+22,2653.726,95.554855,12732,73.191025,84.631737,7.349882,10.901422,0,6.399587e+21,28.571,79.862,34.824,-0.34399301,5483065000000.0,-0.00537349,-0.0019637,18.15,1617528000000.0,23.524,9.218
2019.01.21_12:00:00_TAI,142.686,7334,0.0,18.122,2.70335e+20,1.13813e+21,2050.232,11.995642,12733,-44.08157,-41.899673,5.293223,6.683959,0,2.70335e+20,29.45,141.716,42.134,-2.75481057,381978200000.0,0.02625471,0.00790038,3.302,586654300000.0,24.484,7.656
2019.01.22_12:00:00_TAI,136.048,7334,3.395,335.655,3.416312e+21,3.025601e+22,4437.552,149.9561,12733,-33.224163,-24.730074,3.730521,8.108565,0,3.416312e+21,46.071,133.925,72.903,0.07678115,6094292000000.0,-0.0323288,-0.01425735,73.197,1124434000000.0,35.475,27.892
2019.01.23_12:00:00_TAI,130.696,7334,3.324,416.762,4.584227e+21,4.598856e+22,4486.757,265.684753,12733,-20.277544,-9.543002,3.425181,8.391505,0,4.584227e+21,50.374,131.927,77.98,-0.04868378,8706137000000.0,-0.02168482,-0.0082091,63.358,1963012000000.0,37.639,30.759
2019.01.24_12:00:00_TAI,127.557,7334,2.528,364.031,4.101929e+21,3.474858e+22,3540.148,305.773193,12733,-7.0596,5.209337,3.174533,8.406252,0,4.101929e+21,48.367,129.525,75.48,0.31926277,7456701000000.0,-0.01051043,-0.00331326,24.488,2468616000000.0,34.831,24.435
2019.01.24_12:00:00_TAI,118.668,7335,0.0,24.37,4.751701e+20,1.894998e+21,1915.314,26.184874,MISSING,-39.95266,-36.863636,9.667939,11.332611,0,4.751701e+20,26.899,117.746,37.003,-0.02407295,537806500000.0,-0.00222943,-0.00059061,0.44,9142389000.0,23.035,2.416
2019.01.25_12:00:00_TAI,118.683,7334,4.113,616.297,6.560602e+21,6.775955e+22,4136.029,417.084595,12733,5.756207,20.198864,2.873271,8.647755,0,6.560602e+21,51.672,118.835,73.719,0.10557399,13353200000000.0,-0.03772691,-0.01174654,144.905,6458450000000.0,39.595,32.863
2019.01.25_12:00:00_TAI,139.984,7335,0.0,10.782,1.555278e+20,7.122516e+20,2103.201,15.315685,MISSING,-26.181293,-23.531191,9.809856,11.261311,0,1.555278e+20,27.699,139.969,46.953,0.99086523,243630400000.0,-0.03150698,-0.00747935,1.907,128832800000.0,24.182,6.275
2019.01.25_12:00:00_TAI,129.825,7336,0.0,14.005,2.271362e+20,8.687357e+20,1782.416,17.776846,MISSING,-32.804031,-30.326683,10.226246,11.657155,0,2.271362e+20,26.262,127.682,41.552,0.64104527,320809500000.0,0.00589741,0.00147598,0.542,119957200000.0,23.265,2.997
2019.01.26_12:00:00_TAI,112.831,7334,4.216,1017.426,1.186752e+22,1.507748e+23,5598.476,578.91803,12733,18.887947,35.153019,2.346867,9.048951,0,1.186752e+22,49.294,111.854,66.786,0.15321614,21733380000000.0,-0.02193776,-0.00794709,161.151,9812869000000.0,40.015,35.825
2019.01.26_12:00:00_TAI,149.413,7336,0.0,12.486,1.850643e+20,6.517275e+20,1593.319,23.192408,MISSING,-19.551361,-16.693838,10.427505,12.285063,0,1.850643e+20,27.661,146.13,53.206,1.97054577,282504900000.0,0.04373992,0.01067072,3.287,309535700000.0,20.7,4.87
2019.01.27_12:00:00_TAI,114.838,7334,3.972,880.158,1.411889e+22,1.519735e+23,5317.569,566.119446,12733,32.534985,49.7757,2.567036,8.501139,0,1.411889e+22,42.12,113.767,54.786,-0.13972089,18808650000000.0,-0.00633385,-0.00256041,55.1,3475366000000.0,34.354,26.413
2019.01.27_12:00:00_TAI,146.57,7336,0.0,11.067,1.610427e+20,3.806802e+20,1098.265,24.108469,MISSING,-6.849166,-3.459379,11.15542,13.030936,0,1.610427e+20,28.7,141.708,54.055,0.61281615,233737600000.0,0.00668199,0.00174413,0.455,81592600000.0,16.905,0.0
2019.01.28_12:00:00_TAI,97.395,7334,3.874,847.436,1.704008e+22,1.52793e+23,4462.636,493.728363,12733,46.210056,63.710495,2.578218,8.533302,0,1.704008e+22,35.121,94.337,41.495,-0.10227991,17398210000000.0,-0.00488429,-0.00184835,47.652,2779479000000.0,28.634,16.912
2019.01.28_12:00:00_TAI,124.775,7335,0.0,3.509,6.691833e+19,1.190281e+20,728.6716,14.419021,MISSING,13.844294,16.408606,8.431107,10.082679,0,6.691833e+19,27.382,123.598,45.987,0.42087725,85770360000.0,-0.01198352,-0.00230749,0.284,26415030000.0,16.16,1.626
2019.01.28_12:00:00_TAI,114.219,7336,0.0,7.921,1.307035e+20,3.491205e+20,1051.533,20.686012,MISSING,6.472951,9.720428,11.646112,13.303126,0,1.307035e+20,28.187,111.466,43.287,0.08691819,215573600000.0,0.00661388,0.00120578,0.301,11087700000.0,21.174,2.8
2019.01.29_12:00:00_TAI,90.137,7334,3.896,1050.923,1.818134e+22,2.522657e+23,6961.293,421.26355,12733,60.106075,77.987656,2.645683,7.97157,0,1.818134e+22,36.09,78.496,36.008,-0.13410664,18178600000000.0,0.00269224,0.00105465,28.777,1867717000000.0,28.876,19.365
2019.01.29_12:00:00_TAI,110.178,7336,0.0,12.228,2.221587e+20,7.564434e+20,1330.823,21.178621,MISSING,19.784056,22.674311,11.921358,13.571433,0,2.221587e+20,28.223,112.657,43.928,0.61840278,317960000000.0,0.02044393,0.0035652,1.526,135089100000.0,22.397,1.402
2019.01.30_12:00:00_TAI,70.019,7334,4.484,229.749,7.543443e+21,2.630332e+22,1626.915,201.528702,12733,75.333717,89.334541,2.686937,7.998882,0,7.543443e+21,28.229,58.716,26.896,-0.07514209,5018246000000.0,-0.01113516,-0.00299571,36.47,2210306000000.0,20.738,6.949
2019.01.30_12:00:00_TAI,124.179,7336,0.0,18.123,3.252216e+20,1.093965e+21,1563.077,17.208466,MISSING,33.224331,35.864952,11.739498,13.510472,0,3.252216e+20,27.415,125.367,45.703,-0.09866015,413133400000.0,0.00421965,0.00107033,0.564,26544550000.0,21.73,2.087
2019.02.03_12:00:00_TAI,90.016,7337,0.0,77.231,1.700995e+21,4.503874e+21,1170.241,45.336689,MISSING,-56.167179,-47.036797,6.883053,10.448229,0,1.700995e+21,22.922,89.842,25.327,-0.21868342,1843362000000.0,0.00058058,0.00012689,0.368,323922500000.0,20.491,0.725
2019.02.04_12:00:00_TAI,103.673,7337,0.0,63.883,1.225739e+21,4.253845e+21,1465.275,67.377525,MISSING,-43.237747,-33.562584,6.565938,11.190146,0,1.225739e+21,25.601,103.076,30.701,-0.18299443,1608630000000.0,-0.01155126,-0.00231794,5.067,506659400000.0,23.402,3.431
2019.02.05_12:00:00_TAI,132.322,7337,0.0,66.177,9.825565e+20,3.788683e+21,1784.134,89.154312,MISSING,-30.754856,-20.08333,6.257105,11.851388,0,9.825565e+20,27.498,130.423,43.428,1.08398843,1491180000000.0,-0.0222701,-0.00552761,8.839,886479900000.0,22.956,4.503
2019.02.06_12:00:00_TAI,142.586,7337,0.0,36.753,5.015548e+20,1.280982e+21,1120.282,75.080307,MISSING,-17.140146,-6.796,5.903446,11.762848,0,5.015548e+20,26.767,139.145,50.378,1.09580517,855311100000.0,-0.02967004,-0.00658606,5.671,482692700000.0,18.97,2.091
2019.02.07_12:00:00_TAI,136.605,7337,0.0,22.247,3.198417e+20,8.106665e+20,1045.242,66.789825,MISSING,-3.882245,5.30922,4.942025,11.843212,0,3.198417e+20,29.7,133.893,53.787,1.33876884,537741100000.0,0.02092365,0.00425802,2.487,400123200000.0,19.086,3.253
2019.02.08_12:00:00_TAI,133.87,7337,0.0,30.595,4.243585e+20,1.478727e+21,1498.604,58.51601,MISSING,9.691319,19.182009,4.931995,11.369972,0,4.243585e+20,29.524,136.152,56.622,1.28207719,713759000000.0,0.03629749,0.00795497,5.911,487665300000.0,21.2,3.23
2019.02.09_12:00:00_TAI,120.677,7337,0.0,25.124,3.864675e+20,1.337112e+21,1430.153,34.156017,MISSING,23.156616,27.495699,8.371701,11.240535,0,3.864675e+20,27.407,123.09,45.226,1.59975469,621080400000.0,0.06414735,0.01246883,8.778,576755000000.0,22.158,3.409
2019.02.09_12:00:00_TAI,157.328,7339,0.0,7.192,1.149019e+20,4.361173e+20,1865.856,7.800149,MISSING,30.346567,32.331165,4.930635,6.211935,0,1.149019e+20,28.664,161.854,61.507,0.48170671,151340000000.0,-4.019e-05,5.104e-05,0.009,43417090000.0,20.64,1.705
2019.02.10_12:00:00_TAI,110.621,7337,0.0,25.116,4.53084e+20,1.464937e+21,1351.812,20.689253,MISSING,36.540001,40.038456,8.875979,11.065886,0,4.53084e+20,24.992,112.132,35.131,0.67263508,621620200000.0,0.03393704,0.00675259,5.51,281179800000.0,21.735,1.716
2019.02.13_12:00:00_TAI,125.443,7340,2.876,100.843,1.525059e+21,7.838442e+21,2907.51,38.986206,MISSING,53.266678,58.414696,-17.457699,-15.448647,0,1.525059e+21,31.512,128.036,60.396,-0.45129573,1736154000000.0,0.00157732,0.00070197,1.425,469826200000.0,23.475,5.764
2019.02.15_12:00:00_TAI,86.334,7341,0.0,48.594,1.258356e+21,2.661785e+21,993.206,26.183338,MISSING,-59.256599,-55.631985,5.211773,7.122406,0,1.258356e+21,22.267,85.831,28.183,-0.15334761,1069734000000.0,0.00279765,0.00074285,1.499,158820100000.0,18.527,0.0
2019.02.16_12:00:00_TAI,99.458,7341,0.0,173.594,3.514126e+21,1.146902e+22,1426.97,110.895882,MISSING,-54.812298,-41.333256,2.666118,8.895625,0,3.514126e+21,24.573,99.737,31.098,-0.03336188,4151879000000.0,-0.01274881,-0.00279986,16.945,814431400000.0,22.388,2.165
2019.02.17_12:00:00_TAI,115.382,7341,0.0,223.324,3.834696e+21,1.606665e+22,1903.395,236.905304,MISSING,-45.379982,-27.521055,1.802059,9.400834,0,3.834696e+21,27.434,114.744,38.566,0.24472302,5213023000000.0,-0.01841383,-0.00435708,27.694,1288464000000.0,24.377,4.956
2019.02.18_12:00:00_TAI,132.902,7341,1.518,185.003,2.598773e+21,1.022572e+22,1753.949,277.950043,MISSING,-32.708858,-13.717698,1.69698,9.500203,0,2.598773e+21,28.21,131.049,45.624,0.92065227,4245407000000.0,-0.0359544,-0.00834147,36.619,2076768000000.0,23.558,6.446
2019.02.19_12:00:00_TAI,138.184,7341,1.855,124.465,1.68929e+21,5.52321e+21,1404.087,271.530334,MISSING,-19.171988,-0.372308,2.781854,9.207185,0,1.68929e+21,29.742,136.332,52.363,1.24078786,2922820000000.0,-0.03691566,-0.00829738,24.577,1889264000000.0,21.539,5.571
2019.02.20_12:00:00_TAI,135.312,7341,0.0,114.625,1.657901e+21,5.370984e+21,1407.196,280.119476,MISSING,-5.630528,13.097907,1.042541,9.486695,0,1.657901e+21,32.236,135.005,57.924,0.63387752,2581995000000.0,-0.0034838,-0.00081989,2.356,936890100000.0,20.97,3.897
2019.02.21_12:00:00_TAI,136.593,7341,0.0,147.939,2.051878e+21,7.534046e+21,1689.913,214.326385,MISSING,8.495221,26.704893,1.655569,9.341072,0,2.051878e+21,30.12,139.278,60.29,0.52870095,3227284000000.0,0.01510672,0.00392371,13.172,913164100000.0,21.325,2.979
2019.02.22_12:00:00_TAI,123.824,7341,0.0,162.908,2.509226e+21,9.033995e+21,1506.641,157.134644,MISSING,22.318367,39.980076,2.191624,9.139255,0,2.509226e+21,27.64,126.803,45.255,0.0818157,3922437000000.0,0.02357444,0.00489559,22.104,1209519000000.0,22.576,2.946
2019.02.23_12:00:00_TAI,110.245,7341,0.0,113.907,2.239497e+21,6.794816e+21,1322.069,83.942688,MISSING,36.864143,49.528133,2.610687,8.492147,0,2.239497e+21,25.758,111.251,35.843,-0.00670162,2756919000000.0,0.00254658,0.00057572,2.228,76516460000.0,21.766,1.189
2019.02.23_12:00:00_TAI,128.947,7345,0.0,14.44,2.336879e+20,7.482506e+20,1482.692,11.273174,MISSING,33.71452,35.4986,6.58249,7.566583,0,2.336879e+20,28.119,129.062,44.73,0.11718462,323638700000.0,0.01413862,0.00383527,1.457,22931650000.0,21.642,2.895
2019.02.24_12:00:00_TAI,88.469,7341,0.0,49.091,1.404101e+21,2.41944e+21,843.4289,27.885946,MISSING,57.369167,61.344002,5.536515,7.841864,0,1.404101e+21,21.573,88.044,28.765,0.47427452,1054410000000.0,-0.00768548,-0.00212409,4.588,527796900000.0,16.135,0.0
2019.03.04_12:00:00_TAI,96.412,7346,0.0,92.511,1.938645e+21,5.295717e+21,1223.943,59.966309,MISSING,-55.936203,-47.939342,-19.624384,-16.79599,0,1.938645e+21,23.963,95.291,28.771,-0.36855197,2204651000000.0,-0.00320769,-0.00073725,2.402,621067200000.0,20.794,0.798
2019.03.04_12:00:00_TAI,178.087,7347,0.0,7.951,6.028204e+19,5.931112e+20,3952.257,3.03291,MISSING,-25.195322,-24.128092,-5.72888,-5.111846,0,6.028204e+19,45.288,170.01,73.621,-5.26221085,197098800000.0,0.04863244,0.0123038,1.39,307564000000.0,42.44,39.823
2019.03.05_12:00:00_TAI,127.09,7346,0.0,88.384,1.327661e+21,5.142689e+21,1859.038,79.015846,MISSING,-43.767002,-34.012554,-20.112154,-16.921492,0,1.327661e+21,26.907,125.79,41.325,0.2390902,1947558000000.0,0.0056515,0.00150353,3.132,257727200000.0,22.864,3.217
2019.03.05_12:00:00_TAI,139.796,7348,3.189,162.147,1.599744e+21,1.379984e+22,3660.126,78.496933,12734,-36.441593,-30.669853,7.108051,11.389073,0,1.599744e+21,44.746,138.997,63.977,0.92282957,3560988000000.0,-0.00988134,-0.0029333,8.328,1355802000000.0,36.223,26.453
2019.03.06_12:00:00_TAI,137.22,7346,0.0,71.395,9.818386e+20,3.491392e+21,1634.934,82.801605,MISSING,-30.398851,-20.267996,-20.488228,-17.063112,0,9.818386e+20,28.968,134.486,46.928,0.58369166,1576211000000.0,0.01436077,0.00368029,5.918,492078500000.0,23.098,6.468
2019.03.06_12:00:00_TAI,143.635,7348,3.738,388.401,3.87397e+21,5.636156e+22,7633.008,189.686035,12734,-23.854954,-15.262781,6.608437,11.8815,0,3.87397e+21,48.103,137.757,86.243,0.06577906,7259978000000.0,0.04314413,0.02106217,117.106,3891765000000.0,37.376,29.73
2019.03.07_12:00:00_TAI,129.473,7346,0.0,24.726,3.178212e+20,7.900269e+20,988.1725,68.046021,MISSING,-16.135162,-7.035608,-20.518929,-17.366154,0,3.178212e+20,28.739,124.587,46.211,0.34584618,624986500000.0,0.04290111,0.0081016,4.877,412843200000.0,20.268,3.821
2019.03.07_12:00:00_TAI,126.635,7348,0.0,213.966,2.345215e+21,2.728853e+22,5298.583,171.11998,12734,-10.738024,-0.897977,6.712683,11.840329,0,2.345215e+21,47.638,127.773,74.096,-0.12115197,4070355000000.0,0.04068923,0.01585905,61.501,2032090000000.0,34.875,28.03
2019.03.08_12:00:00_TAI,150.734,7346,0.0,16.823,2.504234e+20,5.829355e+20,1011.389,54.310337,MISSING,-2.837305,5.59749,-20.921768,-18.125481,0,2.504234e+20,30.874,147.229,61.51,2.51653552,394469600000.0,-0.00167885,-0.00039254,0.17,566068400000.0,17.892,3.456
2019.03.08_12:00:00_TAI,106.676,7348,2.65,107.045,1.622051e+21,1.684806e+22,4505.102,142.754959,12734,2.798388,12.906147,6.335546,11.675031,0,1.622051e+21,46.401,107.486,59.69,0.14755717,2423626000000.0,0.03082012,0.01050884,29.582,1791521000000.0,34.637,26.562
2019.03.09_12:00:00_TAI,146.536,7346,0.0,14.252,1.835813e+20,5.833855e+20,1343.37,35.992546,MISSING,11.527262,17.955389,-20.955669,-18.520468,0,1.835813e+20,33.055,145.65,61.778,1.02110553,326825400000.0,-0.02098526,-0.00458565,1.5,173148400000.0,22.907,7.034
2019.03.09_12:00:00_TAI,118.437,7348,3.156,106.206,1.445891e+21,1.208641e+22,3628.754,111.36348,12734,16.569468,26.257784,6.089816,11.453334,0,1.445891e+21,40.224,120.412,59.708,0.34916443,2455281000000.0,0.02821152,0.00865078,21.696,1350975000000.0,29.797,15.51
2019.03.10_12:00:00_TAI,132.518,7346,0.0,10.672,1.675985e+20,4.899382e+20,1276.529,14.755633,MISSING,26.433233,30.010286,-20.222198,-18.741974,0,1.675985e+20,25.969,133.766,46.878,0.86726576,255159600000.0,-0.02913845,-0.00620067,1.792,130039400000.0,19.163,1.038
2019.03.10_12:00:00_TAI,131.795,7348,1.896,85.429,1.204451e+21,8.583947e+21,3541.698,50.729511,12734,31.139645,39.021935,6.52604,11.024899,0,1.204451e+21,37.597,134.645,62.692,0.29613161,1610381000000.0,0.03199225,0.01251916,22.847,883297600000.0,26.643,9.644
2019.03.11_12:00:00_TAI,110.822,7348,0.0,74.35,1.196116e+21,6.410363e+21,2574.357,30.897036,12734,44.872459,52.767521,6.337207,10.483444,0,1.196116e+21,30.071,113.54,47.399,-0.08352158,1396356000000.0,0.03271849,0.01092778,20.49,560975600000.0,23.548,2.453
2019.03.14_12:00:00_TAI,151.747,7349,0.0,90.22,1.141736e+21,5.491218e+21,2542.937,51.492802,MISSING,33.291473,39.077869,-1.245055,1.61603,0,1.141736e+21,31.884,155.273,64.059,-0.29726028,1756660000000.0,0.01461365,0.00537406,8.738,251299300000.0,24.348,5.351
2019.03.16_12:00:00_TAI,130.668,7350,0.0,15.865,2.113422e+20,9.620814e+20,1979.329,18.293678,12736,-31.357733,-28.465607,7.190896,8.801304,0,2.113422e+20,27.104,131.272,43.243,1.41829813,371879500000.0,-0.05344284,-0.01149844,4.208,270174900000.0,24.872,6.831
2019.03.17_12:00:00_TAI,140.971,7350,0.0,13.025,1.891486e+20,7.365093e+20,1680.551,19.853584,12736,-18.177061,-14.666491,7.204412,8.982431,0,1.891486e+20,29.248,142.394,52.502,0.68491638,310479900000.0,-0.03572862,-0.00791,2.61,119009100000.0,22.83,6.364
2019.03.18_12:00:00_TAI,132.428,7350,0.0,12.626,1.986345e+20,4.540642e+20,976.8699,30.265774,12736,-4.701272,0.245254,7.471748,9.845273,0,1.986345e+20,29.895,127.553,53.202,1.71510768,284538400000.0,-0.05956991,-0.01321267,4.624,312770400000.0,18.632,1.429
2019.03.18_12:00:00_TAI,147.267,7351,3.576,206.38,2.127166e+21,2.320992e+22,5458.079,117.425598,12735,-28.614491,-20.700665,0.645993,4.695517,0,2.127166e+21,44.401,141.068,75.333,0.71979982,4387152000000.0,0.01878676,0.00773654,24.765,3539316000000.0,35.58,27.077
2019.03.19_12:00:00_TAI,131.023,7350,2.391,26.819,3.278041e+20,1.670104e+21,1980.421,35.684086,12736,8.90018,13.284856,8.077557,10.447304,0,3.278041e+20,39.529,132.571,60.777,0.59479654,710609800000.0,-0.02576829,-0.00537892,3.416,422526800000.0,30.552,16.85
2019.03.19_12:00:00_TAI,126.021,7351,2.735,267.605,2.947385e+21,3.101943e+22,4479.715,185.539261,12735,-16.230801,-6.095027,0.305601,4.711819,0,2.947385e+21,49.564,128.642,72.812,0.3191683,5617944000000.0,-0.00660543,-0.00234875,12.246,867551500000.0,37.088,29.402
2019.03.20_12:00:00_TAI,124.073,7350,4.066,650.395,5.268091e+21,8.304439e+22,6568.417,238.213852,12736,22.555296,32.799484,5.866572,11.655251,0,5.268091e+21,55.791,120.207,78.737,-0.10482319,13670050000000.0,0.04377167,0.01705147,162.279,5740269000000.0,43.969,43.298
2019.03.20_12:00:00_TAI,137.351,7351,0.0,100.817,1.25669e+21,1.100918e+22,4197.349,160.97435,12735,-2.939742,7.792344,0.343956,4.527728,0,1.25669e+21,44.375,140.167,78.544,0.64471084,1964947000000.0,0.00414613,0.00157662,3.114,664167100000.0,28.685,15.443
2019.03.21_12:00:00_TAI,119.305,7350,4.609,1640.69,1.596737e+22,2.615658e+23,8433.486,572.984619,12736,35.151581,48.687187,5.147367,11.877062,0,1.596737e+22,49.866,111.416,66.723,-0.04145563,29361510000000.0,0.02292563,0.01133908,264.813,8162164000000.0,41.411,38.803
2019.03.21_12:00:00_TAI,141.736,7351,0.0,93.363,1.104433e+21,5.939445e+21,2505.505,130.598343,12735,10.712454,21.338503,0.667087,4.636387,0,1.104433e+21,38.138,145.469,72.897,1.21681118,1874587000000.0,0.03004416,0.00939092,16.763,1152479000000.0,25.336,10.364
2019.03.22_12:00:00_TAI,102.481,7350,4.715,2084.735,2.933635e+22,4.750893e+23,9078.212,987.708984,12736,47.204872,64.241096,4.631662,12.25262,0,2.933635e+22,45.436,91.946,53.269,-0.14571728,37170780000000.0,0.01003907,0.00546188,215.215,3108639000000.0,38.659,34.513
2019.03.22_12:00:00_TAI,135.141,7351,0.0,110.661,1.464677e+21,6.159858e+21,1930.209,107.982101,12735,24.437456,33.693302,0.29809,4.466384,0,1.464677e+21,29.365,139.917,56.026,0.52907228,2479927000000.0,0.03236281,0.00817773,19.651,1189742000000.0,23.162,4.328
2019.03.23_12:00:00_TAI,83.874,7350,4.653,2023.328,3.475389e+22,6.137828e+23,9960.569,1157.510498,12736,60.024681,79.920891,4.009635,12.637485,0,3.475389e+22,45.04,74.061,41.986,-0.02696006,32710030000000.0,0.00753963,0.00410875,190.633,6380829000000.0,37.705,34.683
2019.03.23_12:00:00_TAI,114.918,7351,0.0,91.22,1.703576e+21,6.402411e+21,1742.296,74.999763,12735,38.433681,46.129894,0.363764,3.718711,0,1.703576e+21,27.116,116.015,39.082,-0.12037601,2062699000000.0,0.01474477,0.00374968,10.375,582398300000.0,23.139,3.072
2019.03.24_12:00:00_TAI,76.07,7350,5.216,763.925,1.847728e+22,1.72089e+23,5533.149,859.140137,12736,73.05629,89.102608,4.196321,12.708055,0,1.847728e+22,36.308,61.286,33.358,-0.04264821,12094570000000.0,0.00104341,0.00052098,12.2,522154800000.0,31.972,22.477
2019.03.24_12:00:00_TAI,88.504,7351,0.0,54.214,1.485651e+21,3.779698e+21,1160.238,31.857452,12735,52.523781,58.808987,0.776844,3.26741,0,1.485651e+21,24.537,88.534,29.276,-0.04960715,1285141000000.0,0.00462124,0.00114848,2.817,233619400000.0,20.231,0.571
2019.03.31_12:00:00_TAI,115.192,7352,0.0,155.938,1.775268e+21,1.692524e+22,4095.27,45.719994,12737,-52.617176,-48.060669,11.383781,14.016817,0,1.775268e+21,50.389,107.199,55.199,-1.00312209,3242781000000.0,-0.03073438,-0.01141616,35.527,1638682000000.0,39.439,32.616
2019.04.01_12:00:00_TAI,127.133,7352,3.349,269.583,3.56385e+21,2.94811e+22,4142.355,137.537292,12737,-40.849285,-31.155106,10.453469,14.871511,0,3.56385e+21,41.567,124.403,58.602,-0.1383646,5394605000000.0,-0.02855833,-0.01166742,62.526,1384084000000.0,32.58,20.19
2019.04.02_12:00:00_TAI,137.07,7352,2.513,349.162,4.007073e+21,3.328075e+22,4080.099,211.947037,12737,-27.690453,-16.467031,9.847884,14.979383,0,4.007073e+21,41.945,138.154,72.772,0.05117721,6902663000000.0,-0.00726287,-0.00292794,17.983,682791500000.0,31.698,18.137
2019.04.03_12:00:00_TAI,134.836,7352,3.134,311.521,3.885152e+21,2.307865e+22,2712.333,288.095398,12737,-14.810886,-2.568052,9.784465,15.406605,0,3.885152e+21,39.553,135.489,67.914,0.71619421,6186048000000.0,-0.00609183,-0.00193996,12.429,2412927000000.0,27.929,13.314
2019.04.04_12:00:00_TAI,139.293,7352,1.865,195.839,2.557529e+21,1.06136e+22,1849.977,275.935974,12737,-1.492913,11.043748,10.160338,15.623392,0,2.557529e+21,33.673,142.874,66.953,0.56152922,4241638000000.0,-0.00618615,-0.001585,6.847,1276337000000.0,23.523,5.324
2019.04.05_12:00:00_TAI,136.379,7352,2.737,194.382,2.546569e+21,1.048994e+22,1854.611,227.911102,12737,11.759147,24.1931,10.145658,15.692359,0,2.546569e+21,31.478,140.952,61.988,0.36671549,4331036000000.0,0.01307143,0.00333589,14.208,1267678000000.0,23.056,4.062
2019.04.06_12:00:00_TAI,131.258,7352,2.857,232.735,3.432354e+21,1.371573e+22,1888.765,197.973511,12737,25.07078,37.043861,10.444807,15.994209,0,3.432354e+21,28.615,133.378,49.469,0.17475323,5136822000000.0,0.01394711,0.00373275,20.411,1297028000000.0,23.007,3.603
2019.04.07_12:00:00_TAI,106.934,7352,0.0,177.914,3.718195e+21,1.078115e+22,1304.316,119.565041,12737,38.512062,49.241043,10.832916,15.771021,0,3.718195e+21,24.838,106.521,32.915,-0.05953317,4222951000000.0,0.01086319,0.0025685,15.986,564153100000.0,21.098,0.787
2019.04.07_12:00:00_TAI,44.126,7353,4.632,722.144,1.373043e+22,4.611354e+23,20608.28,871.825256,12738,-89.239326,-75.090569,2.799942,9.352898,0,1.373043e+22,56.913,39.409,30.122,0.04116581,8489131000000.0,-0.00346982,-0.00247341,41.672,651641700000.0,51.239,57.446
2019.04.08_12:00:00_TAI,79.517,7352,0.0,120.431,3.353318e+21,6.461335e+21,867.2551,42.119743,12737,53.116711,60.751568,11.560751,14.667196,0,3.353318e+21,20.933,78.997,22.462,-0.17670764,2801712000000.0,0.00186616,0.00042642,2.392,522777800000.0,17.792,0.036
2019.04.08_12:00:00_TAI,62.137,7353,4.197,864.452,2.057261e+22,5.006081e+23,13525.83,573.382385,12738,-74.670372,-61.844582,2.52627,9.467327,0,2.057261e+22,47.302,55.983,33.153,0.06154722,15272280000000.0,0.00383368,0.00218176,60.801,3231660000000.0,39.422,38.555
2019.04.09_12:00:00_TAI,66.382,7353,3.993,1038.004,2.669138e+22,5.467287e+23,10647.89,623.846069,12738,-69.388313,-48.455944,2.597271,11.24286,0,2.669138e+22,41.267,63.524,32.182,-0.03903136,21726350000000.0,-0.0025064,-0.00123265,47.656,1576266000000.0,34.034,28.676
2019.04.10_12:00:00_TAI,79.683,7353,4.197,1199.737,2.587469e+22,5.961017e+23,11481.18,777.782959,12738,-57.038734,-35.016197,2.235503,12.724232,0,2.587469e+22,43.418,76.19,36.681,0.00058969,27136400000000.0,-0.00862648,-0.00409119,159.945,4429748000000.0,38.689,33.071
2019.04.11_12:00:00_TAI,87.568,7353,4.194,1177.948,2.335932e+22,6.265303e+23,12741.56,912.017456,12738,-45.373051,-21.232698,1.912631,13.379091,0,2.335932e+22,47.238,83.199,40.105,-0.06036589,28988580000000.0,-0.00551932,-0.00257078,95.183,1180662000000.0,42.545,40.69
2019.04.12_12:00:00_TAI,88.066,7353,4.105,1009.706,1.975e+22,6.442308e+23,15553.48,973.239441,12738,-33.296356,-7.705953,1.550861,14.150783,0,1.975e+22,53.031,82.592,44.62,0.1346893,24978830000000.0,-0.00907242,-0.00469875,146.545,3919395000000.0,46.759,49.107
2019.04.13_12:00:00_TAI,79.921,7353,3.743,822.618,1.673527e+22,6.447917e+23,18570.28,993.808411,12738,-21.33147,5.808395,1.964231,14.633552,0,1.673527e+22,58.715,75.251,46.409,0.08153125,20066600000000.0,-0.00130952,-0.00075423,19.719,6044299000000.0,51.102,57.828
2019.04.14_12:00:00_TAI,77.795,7353,3.923,743.453,1.570153e+22,6.585542e+23,21364.13,964.425598,12738,-7.150763,19.280455,2.171029,14.065466,0,1.570153e+22,60.444,72.231,48.339,0.21015859,18071870000000.0,-0.00074716,-0.00049184,11.415,2580998000000.0,52.38,62.061
2019.04.15_12:00:00_TAI,85.067,7353,4.066,957.988,1.737186e+22,6.637234e+23,20895.35,916.423035,12738,5.656678,32.848091,2.118428,13.377359,0,1.737186e+22,56.411,80.333,50.831,-0.07979874,21234840000000.0,0.00513786,0.00357445,85.483,12058310000000.0,48.942,55.255
2019.04.16_12:00:00_TAI,82.827,7353,4.054,988.212,1.830828e+22,6.469537e+23,19180.55,833.737732,12738,19.724459,46.567791,2.487731,11.417605,0,1.830828e+22,53.133,79.972,47.286,0.05963762,20839120000000.0,0.00382421,0.00251971,63.993,5412387000000.0,46.941,50.079
2019.04.17_12:00:00_TAI,80.829,7353,4.064,1053.271,2.056279e+22,5.985819e+23,16126.09,740.993286,12738,35.02523,60.072624,2.576566,11.465964,0,2.056279e+22,46.931,77.174,40.199,-0.21949477,20717530000000.0,0.00725872,0.00449857,125.722,7205657000000.0,41.467,39.091
2019.04.17_12:00:00_TAI,124.931,7356,3.159,112.294,7.77635e+20,1.192537e+22,6050.973,31.142277,12739,12.37936,15.851546,4.26421,6.044151,0,7.77635e+20,61.209,123.87,91.507,0.60700947,2034764000000.0,0.12357993,0.0463442,68.775,1992274000000.0,45.438,43.935
2019.04.18_12:00:00_TAI,66.615,7353,4.035,845.672,2.068725e+22,5.720532e+23,14543.47,664.74176,12738,49.183224,73.898941,2.765316,11.48965,0,2.068725e+22,46.012,63.45,31.646,-0.01084026,16098140000000.0,0.00171514,0.00091254,27.027,529831900000.0,39.974,37.518
2019.04.18_12:00:00_TAI,126.824,7356,2.71,154.5,1.877587e+21,2.323884e+22,6758.803,70.427071,12739,24.79129,31.866549,3.498816,6.736711,0,1.877587e+21,50.465,126.237,83.546,0.40235999,2745415000000.0,0.03496879,0.01948466,50.446,1628126000000.0,36.569,29.664
2019.04.19_12:00:00_TAI,47.191,7353,4.002,685.465,1.297895e+22,4.487587e+23,20567.86,665.168518,12738,65.015656,89.255363,2.70424,9.570854,0,1.297895e+22,54.643,42.858,28.691,-0.38370246,8464264000000.0,0.00315896,0.00213109,35.012,4233856000000.0,48.354,53.533
2019.04.19_12:00:00_TAI,134.163,7356,0.0,103.328,1.644749e+21,1.531662e+22,5656.308,55.30891,12739,38.918308,45.588898,3.725636,6.680763,0,1.644749e+21,38.842,136.924,71.354,-0.02346599,1785285000000.0,0.01225859,0.0072828,14.85,151694400000.0,29.101,10.397
2019.04.20_12:00:00_TAI,102.04,7356,3.028,86.043,1.855584e+21,1.163318e+22,3325.6,41.787601,12739,52.587105,59.52639,4.165814,6.757232,0,1.855584e+21,32.777,102.783,44.771,-0.34778425,1559777000000.0,0.02011142,0.00838761,22.093,773070700000.0,24.846,5.467
2019.05.04_12:00:00_TAI,64.114,7357,3.367,549.26,1.232111e+22,2.095041e+23,8890.543,332.063629,12740,-81.054764,-70.308701,5.359145,11.6095,0,1.232111e+22,43.791,55.461,31.468,-0.34490287,9171963000000.0,0.01674818,0.00754321,133.847,8475094000000.0,35.891,31.921
2019.05.05_12:00:00_TAI,77.49,7357,3.883,769.697,1.413417e+22,2.657729e+23,10098.58,343.021301,12740,-66.72934,-56.816624,5.224802,11.390018,0,1.413417e+22,42.777,71.0,39.784,-0.39201343,14132460000000.0,0.02687556,0.01333217,264.204,16154440000000.0,37.165,32.412
2019.05.06_12:00:00_TAI,98.226,7357,4.362,931.336,1.354087e+22,2.983928e+23,11546.04,389.650604,12740,-54.174934,-43.22644,4.85769,11.458849,0,1.354087e+22,45.641,88.721,49.946,-0.50541669,20329050000000.0,0.03430044,0.01791177,348.563,25482490000000.0,40.675,36.973
2019.05.06_12:00:00_TAI,,7358,4.63,0.0,0.0,0.0,,190.208145,12741,-89.403702,-81.22612,2.514758,7.284598,0,0.0,,,,,0.0,,,0.0,0.0,,
2019.05.07_12:00:00_TAI,96.329,7357,4.004,677.767,1.126536e+22,2.461234e+23,10498.96,399.348755,12740,-41.47057,-29.712063,4.256026,11.312142,0,1.126536e+22,48.026,90.9,49.336,-0.41841096,16410600000000.0,0.02074247,0.00953109,168.243,13965620000000.0,42.873,41.927
2019.05.07_12:00:00_TAI,51.569,7358,4.071,738.066,1.456403e+22,3.312684e+23,11175.16,375.204712,12741,-78.664986,-67.284737,2.139741,8.372818,0,1.456403e+22,46.934,48.266,28.994,-0.29239839,11083380000000.0,0.01483774,0.00636471,142.06,4018952000000.0,35.417,35.944
2019.05.07_12:00:00_TAI,95.246,7359,0.0,64.263,1.421486e+21,4.404617e+21,1321.889,40.714485,MISSING,-50.270977,-43.875721,6.631129,9.086168,0,1.421486e+21,25.089,94.467,28.374,-0.27738979,1597939000000.0,-0.01054951,-0.00220879,5.542,372765700000.0,22.581,1.036
2019.05.07_12:00:00_TAI,136.752,7360,2.503,73.192,8.801171e+20,5.028966e+21,2702.887,34.169308,MISSING,36.620628,40.326855,5.051521,6.969777,0,8.801171e+20,39.584,137.561,58.77,-0.67701387,1461582000000.0,0.01844304,0.00640821,8.971,808823000000.0,30.874,18.915
2019.05.08_12:00:00_TAI,92.654,7357,3.297,448.793,8.448589e+21,1.917553e+23,10334.92,420.08316,12740,-28.618046,-16.56032,3.32806,12.856896,0,8.448589e+21,52.446,88.625,50.679,-0.2427095,10885490000000.0,0.00262292,0.00113718,15.886,3701936000000.0,44.068,44.728
2019.05.08_12:00:00_TAI,66.408,7358,4.025,844.552,1.597008e+22,3.492771e+23,10947.43,443.390717,12741,-64.834534,-53.981201,2.076818,9.866041,0,1.597008e+22,43.142,63.064,31.866,-0.31150398,14503840000000.0,0.01123513,0.00523752,125.816,4010113000000.0,35.382,32.314
2019.05.08_12:00:00_TAI,119.574,7359,0.0,117.855,2.08662e+21,8.029018e+21,1674.258,103.893372,MISSING,-43.167027,-29.565565,5.966135,9.414947,0,2.08662e+21,28.157,119.089,39.264,0.32715347,2852750000000.0,0.00178219,0.00040653,1.468,633033500000.0,24.033,3.766
2019.05.09_12:00:00_TAI,89.94,7357,2.69,358.268,6.072779e+21,1.467956e+23,10468.33,413.072662,12740,-15.706518,-3.465959,3.02614,12.427377,0,6.072779e+21,56.569,86.217,53.591,0.11567059,8430962000000.0,0.00150148,0.00058604,6.187,1490560000000.0,47.26,53.367
2019.05.09_12:00:00_TAI,81.082,7358,3.914,860.807,1.521948e+22,3.535634e+23,11244.18,484.52124,12741,-53.053528,-40.379017,0.361509,10.19862,0,1.521948e+22,45.266,77.568,37.772,-0.18511622,17224620000000.0,0.01053659,0.00493465,116.833,3591800000000.0,39.774,36.086
2019.05.09_12:00:00_TAI,126.353,7359,0.0,65.491,1.014586e+21,3.375625e+21,1379.165,106.5672,MISSING,-30.282671,-17.680933,5.77321,10.244892,0,1.014586e+21,27.99,126.166,44.069,0.26050293,1594399000000.0,0.00265321,0.0005312,0.979,257386100000.0,21.848,2.55
2019.05.10_12:00:00_TAI,89.007,7357,3.414,306.181,4.963377e+21,9.740191e+22,7879.494,404.498779,12740,-2.187369,9.830698,2.487767,11.162344,72704,4.963377e+21,57.569,86.618,55.337,-0.05831573,7547669000000.0,-0.00037917,-0.00013491,1.256,1015075000000.0,47.172,52.643
2019.05.10_12:00:00_TAI,84.533,7358,3.553,787.476,1.288106e+22,3.359348e+23,12109.46,507.100098,12741,-39.998753,-27.080641,-0.083565,10.438561,72704,1.288106e+22,50.731,80.179,43.032,-0.24473579,16937870000000.0,0.01230484,0.0057277,119.646,2797468000000.0,44.599,45.191
2019.05.10_12:00:00_TAI,113.085,7359,0.0,27.4,4.202568e+20,1.256246e+21,1003.114,113.685173,MISSING,-16.507128,-4.214044,5.621799,10.385798,72704,4.202568e+20,37.814,110.347,45.097,0.1999965,777029900000.0,-0.00652506,-0.00100673,0.949,101152800000.0,26.456,15.376
2019.05.11_12:00:00_TAI,120.253,7357,0.0,291.779,4.336605e+21,5.717571e+22,6444.028,352.580719,12740,11.38677,22.929461,2.091278,10.952032,0,4.336605e+21,46.953,119.874,68.185,-0.088085,6312907000000.0,0.00066436,0.00027643,1.847,675251100000.0,35.666,31.492
2019.05.11_12:00:00_TAI,91.603,7358,3.116,673.282,1.085363e+22,3.172351e+23,13956.99,558.860657,12741,-27.261179,-13.459198,0.035533,10.647446,0,1.085363e+22,54.147,86.15,49.784,0.12860879,14527890000000.0,0.01010396,0.00492329,84.257,2525151000000.0,46.688,50.815
2019.05.11_12:00:00_TAI,164.188,7359,0.0,31.984,4.048938e+20,9.319473e+20,1152.289,126.77726,MISSING,-4.635076,9.0203,5.543973,12.164872,0,4.048938e+20,29.232,160.126,68.638,1.48184764,651289000000.0,0.03098337,0.00898278,5.471,484236900000.0,15.19,0.164
2019.05.12_12:00:00_TAI,129.278,7357,2.857,360.69,5.270226e+21,3.837497e+22,3521.736,320.356476,12740,25.801056,36.049191,2.705816,10.726874,0,5.270226e+21,36.172,130.756,58.576,-0.17417867,7847037000000.0,0.00486446,0.00163533,13.418,989669900000.0,28.082,15.588
2019.05.12_12:00:00_TAI,83.615,7358,3.701,508.845,8.411567e+21,2.915968e+23,16512.64,550.916687,12741,-15.645531,0.239575,0.293979,11.900095,0,8.411567e+21,59.511,79.283,50.933,0.05363698,10822320000000.0,0.01013614,0.00538589,71.616,4084733000000.0,51.575,60.517
2019.05.12_12:00:00_TAI,134.465,7359,0.0,49.914,6.325225e+20,1.992824e+21,1398.481,116.505333,MISSING,7.498805,21.094013,4.21443,12.602265,0,6.325225e+20,29.235,136.127,59.041,1.74404263,1139720000000.0,0.04074905,0.00905776,9.719,1004580000000.0,19.668,1.212
2019.05.13_12:00:00_TAI,114.671,7357,2.993,339.246,6.461195e+21,3.264678e+22,2503.574,246.83876,12740,39.143028,49.051056,3.323594,10.536359,0,6.461195e+21,29.403,114.528,41.858,-0.44755065,7281577000000.0,0.01251962,0.00403284,39.594,2452980000000.0,24.537,5.683
2019.05.13_12:00:00_TAI,79.24,7358,3.722,444.363,7.557519e+21,2.738402e+23,17649.41,491.136292,12741,-0.828688,14.111013,-0.162962,11.807575,0,7.557519e+21,61.5,76.384,52.318,0.02145104,9130321000000.0,0.01328874,0.00769222,89.868,3136324000000.0,52.39,63.006
2019.05.13_12:00:00_TAI,129.396,7359,0.0,77.896,1.133456e+21,4.443636e+21,1712.384,87.976311,MISSING,21.351105,34.157269,5.291275,12.310488,0,1.133456e+21,28.774,132.368,50.957,0.68383008,1877507000000.0,0.01693104,0.00379455,7.415,717610600000.0,23.124,3.889
2019.05.14_12:00:00_TAI,87.87,7357,2.609,277.535,6.986024e+21,2.43103e+22,1690.555,139.327652,12740,52.707386,61.697018,3.999059,9.933977,4096,6.986024e+21,24.604,87.913,31.042,-0.31456274,5925606000000.0,0.0110244,0.0032135,34.796,1837581000000.0,20.856,1.238
2019.05.14_12:00:00_TAI,88.016,7358,3.305,505.84,7.964473e+21,2.317263e+23,14243.82,436.018433,12741,13.483719,27.776451,0.426824,11.538719,4096,7.964473e+21,56.227,86.114,54.192,-0.3287113,10912960000000.0,0.0087896,0.00458888,56.209,2163480000000.0,47.696,53.404
2019.05.14_12:00:00_TAI,123.482,7359,0.0,49.687,8.170123e+20,2.854036e+21,1608.572,34.933609,MISSING,34.480083,46.079201,5.79518,11.913796,4096,8.170123e+20,25.545,123.97,38.414,0.37030911,1118004000000.0,0.00960503,0.00237643,3.175,265811000000.0,21.949,2.246
2019.05.15_12:00:00_TAI,63.431,7357,2.426,148.569,5.310215e+21,1.00837e+22,958.8192,47.751118,12740,66.440872,73.65023,4.806791,8.582743,0,5.310215e+21,21.535,63.829,24.863,-0.14552733,3021068000000.0,0.00654663,0.00193034,15.286,619442700000.0,16.157,0.063
2019.05.15_12:00:00_TAI,97.333,7358,3.414,507.72,8.623812e+21,1.896253e+23,10724.45,389.335754,12741,27.14986,40.417728,0.809149,11.128304,0,8.623812e+21,49.781,95.685,51.275,0.07810934,11191410000000.0,0.00586782,0.00267569,35.624,558981900000.0,42.268,43.39
2019.05.16_12:00:00_TAI,83.45,7358,3.7,436.586,8.710044e+21,1.661579e+23,9257.473,297.090698,12741,41.043507,54.008133,1.688308,10.668233,0,8.710044e+21,45.004,81.453,40.953,-0.27078128,9295498000000.0,0.0095049,0.00411176,55.566,2193450000000.0,39.013,36.471
2019.05.17_12:00:00_TAI,72.188,7358,3.699,343.689,7.740039e+21,1.466309e+23,9936.206,223.78833,12741,55.555706,67.627899,1.950719,8.004118,0,7.740039e+21,44.854,69.459,35.98,-0.41454932,6143462000000.0,0.01006559,0.00492607,54.738,2478093000000.0,37.947,36.276
2019.05.18_12:00:00_TAI,70.221,7358,3.581,353.793,6.856343e+21,1.345761e+23,10301.31,197.779083,12741,70.478889,81.667274,3.406601,8.20618,0,6.856343e+21,51.24,62.004,36.664,-0.43973508,5170571000000.0,0.00426958,0.00216695,21.316,2327993000000.0,42.871,45.481
2019.05.25_12:00:00_TAI,112.501,7364,0.0,36.143,6.283965e+20,2.416619e+21,1775.3,15.496866,MISSING,-52.879692,-50.054951,12.183187,13.829677,0,6.283965e+20,27.905,113.853,38.982,0.20906836,776914400000.0,-0.00488405,-0.00131519,1.348,115648000000.0,23.795,3.707
2019.05.29_12:00:00_TAI,187.822,7365,1.706,34.91,3.071846e+20,1.919824e+21,3417.499,23.715199,MISSING,8.683475,12.003942,9.518951,11.109266,0,3.071846e+20,42.306,194.477,120.279,0.91980857,582163700000.0,0.01134249,0.00491322,2.078,210275100000.0,24.651,8.511
2019.06.01_12:00:00_TAI,87.729,7366,0.0,39.773,1.014539e+21,2.313088e+21,1067.887,15.268411,MISSING,-60.991375,-58.232117,8.477983,10.531879,0,1.014539e+21,21.939,87.806,27.607,-0.3999534,897573100000.0,0.01046078,0.00270358,4.41,352891200000.0,18.768,0.0
2019.06.02_12:00:00_TAI,103.306,7366,0.0,164.792,3.340664e+21,1.152334e+22,1522.0,105.797958,MISSING,-50.918716,-43.446461,6.686591,11.624825,0,3.340664e+21,25.478,102.808,30.297,0.06565649,3988833000000.0,-0.00335618,-0.00076907,4.384,202553600000.0,23.272,3.017
2019.06.03_12:00:00_TAI,115.808,7366,0.0,135.708,2.212469e+21,9.149083e+21,1755.642,139.067337,MISSING,-38.103546,-29.502247,6.496662,11.707563,0,2.212469e+21,27.729,116.385,37.804,0.49487555,3317929000000.0,-0.02139121,-0.00446116,17.506,1052689000000.0,24.926,5.632
2019.06.03_12:00:00_TAI,117.832,7368,0.0,14.642,2.718252e+20,9.905119e+20,1750.804,11.862423,MISSING,-45.25975,-43.975571,7.259517,8.001492,0,2.718252e+20,24.615,116.784,35.071,-0.05489377,320961600000.0,-0.01403315,-0.00371348,1.582,12658220000.0,22.474,3.052
2019.06.04_12:00:00_TAI,128.856,7366,0.0,81.172,1.135363e+21,4.097998e+21,1500.846,154.650116,MISSING,-24.653551,-15.311412,6.483366,12.494988,0,1.135363e+21,27.555,130.598,46.364,1.36775494,1968408000000.0,-0.05752051,-0.01156464,23.777,1522634000000.0,22.309,4.815
2019.06.04_12:00:00_TAI,133.832,7368,0.0,21.041,3.33415e+20,1.255889e+21,1685.682,24.532875,MISSING,-33.108749,-29.501835,6.108659,8.234277,0,3.33415e+20,27.312,132.169,40.979,0.69565922,497738900000.0,0.00358008,0.00084625,0.475,211311600000.0,22.193,2.674
2019.06.04_12:00:00_TAI,85.402,7369,0.0,62.685,1.415196e+21,4.739141e+21,1687.239,29.961685,MISSING,-59.562435,-55.732773,5.676033,8.018996,0,1.415196e+21,25.333,86.717,32.514,-0.39018232,1302767000000.0,0.01344053,0.00414926,8.776,446829600000.0,20.898,0.236
2019.06.05_12:00:00_TAI,135.5,7366,0.0,37.804,4.973604e+20,1.446905e+21,1286.305,161.596832,MISSING,-11.254458,-1.859255,6.192471,11.918235,0,4.973604e+20,29.62,134.307,55.148,0.84757495,837969100000.0,-0.03366185,-0.00777177,6.583,388816400000.0,19.372,1.653
2019.06.05_12:00:00_TAI,133.11,7368,0.0,14.349,2.316044e+20,6.984221e+20,1331.399,37.637741,MISSING,-20.844131,-15.657829,5.828139,8.569348,0,2.316044e+20,27.434,131.46,49.005,0.04111631,343817700000.0,-0.01639519,-0.00366151,1.446,8796186000.0,19.553,1.266
2019.06.05_12:00:00_TAI,115.339,7369,0.0,59.058,1.085983e+21,4.334101e+21,1888.612,42.017151,MISSING,-46.418186,-41.083332,5.585576,8.669015,0,1.085983e+21,27.946,115.4,39.979,-0.69911247,1346857000000.0,0.01064891,0.00294778,5.094,654295400000.0,23.819,3.299
2019.06.06_12:00:00_TAI,156.019,7366,2.126,31.014,4.447652e+20,1.016906e+21,1064.974,163.888321,MISSING,2.125844,11.203905,5.519451,12.701443,0,4.447652e+20,30.107,151.38,63.801,-0.2229999,667540800000.0,0.01895732,0.00471136,3.387,86862270000.0,15.973,0.278
2019.06.06_12:00:00_TAI,142.303,7368,0.0,0.395,8.619369e+18,1.716734e+19,807.9236,30.006287,MISSING,-7.298479,-2.066294,6.22313,8.440569,0,8.619369e+18,29.874,134.234,46.885,3.05049586,10248130000.0,0.08761106,0.01511423,0.242,26441620000.0,14.263,0.0
2019.06.06_12:00:00_TAI,133.897,7369,0.0,72.431,9.299695e+20,4.100529e+21,1900.088,72.888115,MISSING,-32.316223,-23.033222,5.11986,8.535608,0,9.299695e+20,28.967,135.685,47.367,0.49266925,1648394000000.0,-0.03189052,-0.00722796,11.745,476802700000.0,24.438,7.2
2019.06.07_12:00:00_TAI,139.037,7366,0.0,81.422,1.096443e+21,3.766395e+21,1571.216,162.997391,MISSING,15.808228,24.093325,5.365263,12.824084,0,1.096443e+21,30.07,140.506,59.586,-1.01611888,1848893000000.0,0.03434508,0.0085209,15.38,993869200000.0,20.825,2.382
2019.06.07_12:00:00_TAI,145.597,7368,0.0,7.077,9.673773e+19,3.729292e+20,1766.105,36.012924,MISSING,5.681478,11.117858,6.286767,8.720224,0,9.673773e+19,30.554,147.379,68.278,3.20356464,157091200000.0,0.07815395,0.01843364,2.931,276018400000.0,19.537,0.0
2019.06.07_12:00:00_TAI,133.04,7369,0.0,34.538,4.864698e+20,1.792037e+21,1612.163,92.172478,MISSING,-19.190979,-8.944274,4.898103,8.867064,0,4.864698e+20,29.941,134.332,56.444,0.80625093,786320100000.0,-0.04199277,-0.00955812,8.0,365681600000.0,21.509,5.018
2019.06.08_12:00:00_TAI,121.114,7366,0.0,124.637,1.832374e+21,7.065909e+21,1638.6,140.817688,MISSING,29.321629,36.937302,6.169188,12.892494,0,1.832374e+21,28.056,123.894,46.64,-0.58278841,3020209000000.0,0.0299922,0.00619165,20.104,1025666000000.0,23.175,3.141
2019.06.08_12:00:00_TAI,122.376,7368,0.0,14.315,1.699307e+20,6.258778e+20,1530.122,25.452465,MISSING,19.736702,23.580629,6.705143,8.957164,0,1.699307e+20,28.14,125.54,52.1,1.77271914,358004800000.0,0.0560751,0.01104552,3.402,295939800000.0,22.437,1.299
2019.06.08_12:00:00_TAI,153.396,7369,0.0,20.313,2.496386e+20,6.682818e+20,1261.171,75.376801,MISSING,-6.012744,3.378889,4.779312,8.592721,0,2.496386e+20,33.192,148.702,66.413,0.67948574,403407900000.0,-0.02118912,-0.00560049,2.235,146948800000.0,16.809,0.251
2019.06.09_12:00:00_TAI,103.33,7366,0.0,116.019,2.279333e+21,6.858395e+21,1267.619,71.994385,MISSING,42.46928,50.128162,6.59694,12.673831,0,2.279333e+21,25.285,103.358,31.9,-0.6154474,2873954000000.0,0.02881578,0.00595258,24.251,1359333000000.0,22.139,1.62
2019.06.09_12:00:00_TAI,117.515,7368,0.0,27.109,4.181565e+20,1.561958e+21,1670.645,23.256617,MISSING,34.07021,37.319717,6.754761,8.699572,0,4.181565e+20,28.922,119.143,43.633,1.29944479,623756800000.0,0.04351393,0.01026075,7.224,495957300000.0,23.075,3.409
2019.06.09_12:00:00_TAI,127.89,7369,0.0,8.929,1.549731e+20,3.528332e+20,945.4758,55.98098,MISSING,7.296111,13.015791,4.869405,8.40512,0,1.549731e+20,31.888,123.714,50.644,-0.19014494,213373800000.0,0.00805896,0.00161831,0.455,28967090000.0,17.552,0.356
2019.06.10_12:00:00_TAI,79.257,7366,0.0,61.161,1.757562e+21,3.622055e+21,998.3015,36.38113,MISSING,56.832073,61.74369,9.847549,12.276506,0,1.757562e+21,22.562,79.075,27.931,-0.40014341,1309010000000.0,0.01483212,0.004054,11.076,592798700000.0,17.747,0.0
2019.06.10_12:00:00_TAI,132.959,7369,0.0,27.932,4.011408e+20,1.456878e+21,1627.611,52.305149,MISSING,19.934319,25.752407,4.688893,7.822351,0,4.011408e+20,30.005,135.311,57.925,-0.71298891,665578100000.0,0.03063591,0.0071332,4.808,260587500000.0,21.365,2.522
2019.06.11_12:00:00_TAI,138.111,7369,0.0,63.272,9.071722e+20,3.73419e+21,1991.356,48.715374,MISSING,33.022068,38.556263,4.772129,7.725351,0,9.071722e+20,29.65,141.367,55.502,-1.29436398,1346138000000.0,0.03920339,0.01115282,15.748,991277700000.0,23.661,3.683
2019.06.12_12:00:00_TAI,109.306,7369,0.0,62.732,1.369011e+21,4.185046e+21,1476.011,42.94397,MISSING,46.299435,51.888493,5.103421,7.759535,0,1.369011e+21,26.473,108.732,37.468,-0.54315805,1351561000000.0,0.0245819,0.00686538,14.658,629098100000.0,21.62,1.171
2019.06.13_12:00:00_TAI,82.006,7369,0.0,34.351,9.601024e+20,1.996923e+21,1076.347,15.102163,MISSING,61.215992,64.285614,5.891871,7.195833,0,9.601024e+20,22.467,81.284,26.531,-0.48491651,689419800000.0,0.01578189,0.00491495,6.861,367573600000.0,17.235,0.573
2019.06.24_12:00:00_TAI,144.894,7372,2.673,111.4,9.940068e+20,7.964135e+21,3873.957,32.472149,12743,43.123314,46.64761,2.914768,4.753709,0,9.940068e+20,44.052,138.898,68.498,-0.22120354,2164386000000.0,0.01729295,0.00696693,10.785,186125100000.0,35.285,25.323
2019.06.25_12:00:00_TAI,107.106,7372,2.944,106.32,2.141275e+21,1.165167e+22,3060.187,49.645363,12743,55.166798,61.837029,2.513592,5.332336,0,2.141275e+21,32.298,106.852,51.023,-0.0373887,1838368000000.0,-0.00806079,-0.00356491,10.221,69879010000.0,23.565,5.023
2019.06.29_12:00:00_TAI,192.93,7373,0.0,15.341,1.339403e+20,4.170445e+20,1744.605,25.634001,MISSING,-11.803829,-8.591614,4.700439,6.14967,0,1.339403e+20,30.435,188.17,87.665,2.42451096,248107200000.0,-0.00938733,-0.00370186,0.666,237324100000.0,16.424,0.0
2019.06.29_12:00:00_TAI,109.209,7374,0.0,27.638,5.241927e+20,1.773276e+21,1545.432,23.319344,MISSING,-45.201794,-40.991428,9.418519,11.411767,0,5.241927e+20,25.692,108.364,33.375,0.48309299,635537700000.0,-0.00379066,-0.00090976,0.786,226981100000.0,22.829,2.894
2019.06.30_12:00:00_TAI,181.051,7373,0.0,1.8,2.335766e+19,3.563673e+19,789.2347,17.339603,MISSING,1.828574,4.662557,4.707128,6.055811,0,2.335766e+19,27.729,171.142,62.675,0.50240082,33147610000.0,0.02043497,0.00598533,0.204,9289692000.0,11.853,0.0
2019.06.30_12:00:00_TAI,126.201,7374,0.0,28.983,4.629397e+20,1.848628e+21,1744.351,35.938007,MISSING,-32.890598,-27.794107,9.853227,12.801958,0,4.629397e+20,28.322,125.178,43.478,0.31162071,715013600000.0,-0.00928881,-0.00210652,1.681,135238800000.0,24.382,5.514
2019.07.01_12:00:00_TAI,125.767,7374,0.0,21.482,3.310845e+20,9.39997e+20,1237.422,49.519863,MISSING,-19.631456,-13.522518,9.844714,13.18976,4096,3.310845e+20,27.311,123.289,43.654,1.55819166,502449500000.0,-0.05238036,-0.01153481,6.598,484741600000.0,20.823,2.273
2019.07.01_12:00:00_TAI,173.953,7375,0.0,32.401,4.0694e+20,1.508695e+21,1877.732,35.212204,MISSING,6.585411,12.212702,-21.793875,-19.458065,4096,4.0694e+20,33.369,175.438,79.24,1.64942575,582097100000.0,-0.02981739,-0.01025826,6.206,542727200000.0,20.453,2.314
2019.07.01_12:00:00_TAI,146.496,7376,0.0,16.668,2.456104e+20,1.069098e+21,2043.189,17.382605,MISSING,-29.412411,-26.248423,5.726718,7.271572,4096,2.456104e+20,30.992,145.281,52.855,0.82625806,382449800000.0,0.01096617,0.00303981,1.198,177053800000.0,25.312,7.36
2019.07.02_12:00:00_TAI,159.841,7374,0.0,1.418,2.192537e+19,1.93377e+19,404.4732,36.479603,MISSING,-5.656787,0.078137,10.579398,14.730484,0,2.192537e+19,25.732,145.831,54.233,-1.6558162,30424080000.0,0.05897418,0.01455188,0.524,32420830000.0,10.091,0.0
2019.07.02_12:00:00_TAI,156.58,7375,0.0,20.379,2.471725e+20,9.184114e+20,1737.567,15.163713,MISSING,21.420174,24.979624,-21.330669,-19.710487,0,2.471725e+20,29.277,157.871,56.683,0.78381377,415176600000.0,-0.05879898,-0.01618319,6.441,270777100000.0,22.153,3.266
2019.07.02_12:00:00_TAI,139.264,7376,0.0,4.604,6.2118e+19,1.454536e+20,977.8987,20.333904,MISSING,-15.673459,-12.976736,5.810901,7.447734,0,6.2118e+19,28.313,137.492,52.774,2.18448257,112154900000.0,0.03932485,0.00805346,0.902,133068800000.0,17.544,2.679
2019.07.03_12:00:00_TAI,180.582,7374,0.0,8.304,1.055699e+20,1.59941e+20,819.2753,36.608608,MISSING,6.138904,12.374009,10.802977,15.516721,0,1.055699e+20,26.515,172.422,68.802,-0.79088372,155489000000.0,0.02554744,0.00835631,1.228,63233950000.0,11.484,0.0
2019.07.04_12:00:00_TAI,142.001,7374,0.0,10.562,1.464991e+20,4.482445e+20,1372.041,22.597057,MISSING,19.635181,23.915884,11.456993,13.824528,0,1.464991e+20,26.515,146.146,55.253,0.74459487,243291300000.0,-0.01236723,-0.00279869,0.688,99627830000.0,18.537,0.813
2019.07.05_12:00:00_TAI,121.379,7374,0.0,13.312,2.261473e+20,7.411684e+20,1398.722,15.524588,MISSING,33.513786,36.550705,11.548965,14.062403,0,2.261473e+20,26.515,123.84,42.617,0.00808061,321144700000.0,0.01532801,0.00317602,1.267,1753648000.0,21.436,2.005
2019.07.07_12:00:00_TAI,134.525,7379,0.0,107.278,1.642969e+21,8.130423e+21,3012.846,46.06889,12744,-46.818317,-40.921391,-28.989515,-25.945322,0,1.642969e+21,30.919,132.794,54.687,-0.08393797,1828285000000.0,0.01576216,0.00773265,15.713,904827200000.0,23.821,4.577
2019.07.08_12:00:00_TAI,139.73,7379,0.0,62.254,9.034736e+20,3.347434e+21,1916.786,37.813278,12744,-34.625904,-28.604311,-29.137884,-26.338518,0,9.034736e+20,26.538,138.925,46.534,-0.57706672,1243251000000.0,0.02553172,0.0085704,11.27,637813600000.0,22.58,4.183
2019.07.09_12:00:00_TAI,132.89,7379,0.0,19.649,2.752763e+20,1.048813e+21,1666.123,17.457644,12744,-21.331505,-16.02457,-29.199844,-26.647837,0,2.752763e+20,26.246,131.061,43.263,-0.79592323,460721700000.0,0.06906734,0.0154644,7.33,581418900000.0,23.638,5.696
2019.07.10_12:00:00_TAI,118.025,7379,0.0,32.248,4.723455e+20,2.055788e+21,1669.883,31.086279,12744,-7.874242,-2.830156,-29.325016,-26.641623,0,4.723455e+20,40.264,116.769,47.634,0.94159067,896207000000.0,0.01312363,0.00281558,2.61,474672200000.0,28.758,14.671
2019.07.11_12:00:00_TAI,133.953,7379,0.0,30.115,4.838424e+20,1.603184e+21,1442.266,42.99836,12744,4.619637,11.100574,-29.876429,-26.604132,0,4.838424e+20,27.066,133.407,46.615,1.1142242,737090800000.0,0.00098473,0.0002171,0.182,507134100000.0,22.065,3.106
2019.07.12_12:00:00_TAI,111.771,7379,0.0,27.923,5.779621e+20,1.777564e+21,1271.113,33.288445,12744,16.998507,23.691553,-30.074099,-26.722507,0,5.779621e+20,26.579,112.155,38.743,0.06719248,711828200000.0,0.00145055,0.0002935,0.309,88156350000.0,22.102,1.235
2019.07.13_12:00:00_TAI,121.146,7379,0.0,35.688,7.513844e+20,2.27855e+21,1407.48,27.924913,12744,30.031675,36.401058,-30.354834,-27.01026,0,7.513844e+20,25.888,120.991,38.638,0.20818424,809255400000.0,-0.01189934,-0.00310251,3.782,205460700000.0,20.988,0.984
2019.07.22_12:00:00_TAI,131.62,7380,0.0,69.283,8.584582e+20,4.61315e+21,2611.76,52.218433,12745,25.010712,30.93429,0.646494,3.253278,0,8.584582e+20,36.64,135.481,66.965,0.65554345,1351165000000.0,0.01151611,0.00388797,5.171,473550900000.0,26.125,8.647
2019.07.23_12:00:00_TAI,118.981,7380,0.0,60.292,1.026689e+21,3.74288e+21,1567.485,39.189468,12745,39.040459,45.170517,0.071082,2.767197,0,1.026689e+21,28.63,121.105,42.703,0.43604025,1367384000000.0,-0.00180913,-0.00042746,0.769,425759400000.0,23.016,3.281
2019.08.05_12:00:00_TAI,204.45,7381,0.0,70.686,5.164244e+20,2.797817e+21,3354.648,33.010624,12745,-19.312374,-15.412259,-7.00982,-5.178542,0,5.164244e+20,36.638,200.456,97.924,2.1315732,999646500000.0,0.06591538,0.0359963,22.606,724867900000.0,22.623,5.255
2019.08.06_12:00:00_TAI,158.223,7381,2.967,12.696,1.208454e+20,4.355923e+20,1504.565,21.991457,12745,-5.314139,-2.175188,-6.63261,-5.038018,0,1.208454e+20,38.197,145.424,63.859,0.49488312,284961600000.0,0.13030039,0.03165048,6.9,534170500000.0,29.205,22.477
2019.08.07_12:00:00_TAI,188.72,7382,0.0,10.142,7.808476e+19,1.842757e+20,1217.168,14.086464,12747,-7.070278,-3.865953,4.929688,6.566654,0,7.808476e+19,30.338,181.108,69.035,2.48540044,177351800000.0,-0.07561411,-0.02473897,2.82,185191000000.0,14.866,0.877
2019.08.08_12:00:00_TAI,67.815,7382,0.0,0.01,1.827522e+17,3.624575e+18,2729.257,3.873523,12747,6.761957,8.90749,4.886823,6.252462,0,1.827522e+17,58.852,33.632,54.554,-6.02470064,800107100.0,0.55016804,0.01041826,0.01,3259381000.0,71.618,100.0
2019.09.01_12:00:00_TAI,132.623,7384,0.0,109.455,1.178504e+21,1.153698e+22,4611.036,55.664227,12748,-31.511614,-26.000107,11.828785,14.973614,0,1.178504e+21,51.021,133.225,82.13,0.43369472,2092848000000.0,-0.03735566,-0.01593888,30.029,842153200000.0,38.707,32.803
2019.09.02_12:00:00_TAI,176.562,7384,0.0,94.216,8.579538e+20,5.052934e+21,3149.663,89.840096,12748,-18.989744,-11.216042,11.275745,15.420599,0,8.579538e+20,38.866,177.394,94.12,0.826213,1571498000000.0,-0.02614126,-0.01086047,13.119,534641100000.0,24.428,9.685
2019.09.03_12:00:00_TAI,201.367,7384,0.0,30.984,2.581077e+20,6.16943e+20,1294.011,64.755692,12748,-5.02746,1.749385,11.491858,14.887666,0,2.581077e+20,30.67,195.402,77.205,2.54160619,517739100000.0,-0.04871799,-0.01806567,6.486,488531700000.0,15.86,2.786
2019.09.04_12:00:00_TAI,172.435,7384,0.0,17.083,1.4027e+20,4.088901e+20,1282.87,25.792795,12748,9.05919,14.663921,12.075097,14.609708,0,1.4027e+20,33.19,163.961,65.477,0.48346099,362414900000.0,0.01298177,0.00326957,0.785,62093530000.0,19.92,6.667
2019.09.05_12:00:00_TAI,173.201,7384,0.0,10.683,1.29496e+20,5.190189e+20,2024.945,13.785751,12748,23.667048,28.118282,12.893637,14.445848,0,1.29496e+20,28.675,176.634,71.823,1.41956174,223263100000.0,-0.02199729,-0.00674011,1.301,146543400000.0,20.624,2.073
2019.10.01_12:00:00_TAI,88.231,7385,0.0,142.001,2.856289e+21,9.707146e+21,1920.482,44.816517,12749,-72.300049,-67.022652,-10.743599,-8.183996,0,2.856289e+21,27.615,85.874,41.887,-0.13442668,2358020000000.0,0.00753642,0.00318045,12.105,269832100000.0,19.984,2.26
2019.10.02_12:00:00_TAI,96.168,7385,0.0,97.402,2.013905e+21,5.064525e+21,1148.651,36.617172,12749,-58.694557,-53.173241,-10.655045,-8.018222,0,2.013905e+21,24.796,96.14,33.298,-0.26224402,2082119000000.0,0.00868548,0.00229129,7.607,458912100000.0,19.502,0.271
2019.10.03_12:00:00_TAI,110.245,7385,0.0,52.927,9.622926e+20,3.263323e+21,1482.945,34.10067,12749,-46.310955,-40.590206,-10.70634,-8.185233,0,9.622926e+20,27.235,109.836,35.516,-0.04918166,1226935000000.0,0.00972501,0.00228271,3.782,348545200000.0,23.955,4.225
2019.10.04_12:00:00_TAI,131.226,7385,0.0,43.544,5.770373e+20,2.508859e+21,1891.029,45.349487,12749,-33.954788,-27.290659,-11.228572,-8.290869,0,5.770373e+20,28.703,133.383,48.54,-0.4195545,1022290000000.0,0.01392259,0.00310353,3.1,220663100000.0,24.074,5.205
2019.10.05_12:00:00_TAI,142.738,7385,0.0,36.611,4.159845e+20,1.659432e+21,1878.993,53.729076,12749,-20.628456,-13.871531,-11.459974,-8.476379,0,4.159845e+20,29.494,142.289,55.991,0.01814896,782099000000.0,0.03520984,0.00928727,6.176,244617500000.0,23.077,7.97
2019.10.06_12:00:00_TAI,165.957,7385,0.0,30.654,3.352618e+20,1.178749e+21,1807.704,49.413139,12749,-6.896801,-0.674016,-11.227781,-8.452784,0,3.352618e+20,28.582,160.965,62.723,1.54847085,585719200000.0,-0.01746867,-0.0054737,2.688,399805000000.0,19.41,3.259
2019.10.07_12:00:00_TAI,148.161,7385,0.0,12.625,1.456043e+20,4.536955e+20,1344.987,24.501904,12749,7.216557,11.875232,-10.687922,-8.541596,0,1.456043e+20,28.377,147.143,56.26,1.99222326,297853300000.0,-0.04425115,-0.00971855,2.469,265937400000.0,20.455,4.331
2019.10.08_12:00:00_TAI,147.34,7385,0.0,10.565,1.526429e+20,5.465673e+20,1613.953,12.650228,12749,21.429165,24.832678,-10.160681,-8.463746,0,1.526429e+20,31.287,148.204,62.904,1.22804427,235794400000.0,-0.03225612,-0.00839968,2.142,164477400000.0,21.64,5.098
2019.11.01_12:00:00_TAI,143.238,7386,0.0,78.309,1.082507e+21,6.279296e+21,3245.181,39.711418,12750,-33.789871,-27.894253,-29.326683,-26.642807,0,1.082507e+21,34.135,144.099,64.225,-0.14858216,1457822000000.0,0.00995929,0.00451882,6.584,112200300000.0,26.81,11.531
2019.11.02_12:00:00_TAI,147.544,7386,0.0,60.056,7.848038e+20,3.19044e+21,1992.007,46.962872,12750,-20.876459,-14.269382,-29.39072,-26.39427,0,7.848038e+20,28.008,146.681,53.962,-0.03229399,1233979000000.0,0.04247003,0.01273491,15.358,758658700000.0,23.278,6.633
2019.11.03_12:00:00_TAI,146.512,7386,0.0,30.658,4.415536e+20,1.869486e+21,2005.268,29.775564,12750,-7.073859,-1.775936,-29.573418,-27.129877,0,4.415536e+20,28.743,146.029,53.818,0.36454117,658643700000.0,0.02047977,0.00578557,4.061,171083000000.0,24.095,7.55
2019.11.03_12:00:00_TAI,141.775,7387,0.0,36.864,4.84252e+20,2.240125e+21,2039.644,28.913298,12751,30.894917,35.330463,4.663088,6.783318,0,4.84252e+20,33.096,144.962,57.139,0.70254123,814435500000.0,-0.04570822,-0.01181771,9.773,841955700000.0,25.467,9.915
2019.11.04_12:00:00_TAI,126.136,7386,0.0,20.535,3.597759e+20,1.251291e+21,1532.042,27.458176,12750,5.643045,10.151662,-29.343792,-27.006914,0,3.597759e+20,27.098,126.31,44.864,0.83653492,488685300000.0,0.00750535,0.00170817,1.051,266219500000.0,22.847,6.016
2019.11.05_12:00:00_TAI,124.371,7386,1.908,21.759,4.00819e+20,1.557826e+21,1670.973,21.576769,12750,18.894358,22.382687,-29.417995,-27.671244,0,4.00819e+20,28.712,123.941,40.678,-0.12469379,529105200000.0,0.02137975,0.00480036,3.37,268488700000.0,25.002,6.553
2019.11.05_12:00:00_TAI,172.566,7388,2.368,14.513,1.820424e+20,6.344887e+20,1816.585,18.562834,MISSING,-26.185055,-23.839508,4.744583,6.131329,0,1.820424e+20,27.84,168.083,56.311,-0.05479055,283257000000.0,-0.04650775,-0.01517562,3.991,242254900000.0,20.592,5.323
2019.11.06_12:00:00_TAI,162.124,7388,0.0,8.936,7.552045e+19,1.457351e+20,884.9727,17.662678,MISSING,-12.870211,-10.081201,5.115897,6.492146,0,7.552045e+19,26.938,155.872,56.647,1.78012717,181669700000.0,-0.12048773,-0.02912166,3.611,263071500000.0,15.282,0.806
2019.11.12_12:00:00_TAI,106.069,7389,2.806,256.788,4.588428e+21,3.293604e+22,4360.895,82.077156,12752,-83.804619,-74.074722,-25.00172,-21.275711,0,4.588428e+21,30.76,85.585,42.781,-0.22540958,4344624000000.0,0.00607162,0.00299971,17.059,660714500000.0,27.259,10.199
2019.11.13_12:00:00_TAI,90.062,7389,2.708,276.974,5.349399e+21,1.674551e+22,1732.265,80.61422,12752,-69.175056,-60.910999,-25.125349,-21.298439,0,5.349399e+21,26.187,88.73,38.75,-0.28819376,4773871000000.0,0.01300208,0.00506483,36.867,1855777000000.0,19.465,2.033
2019.11.14_12:00:00_TAI,102.091,7389,0.0,157.013,3.014314e+21,8.226756e+21,1268.614,67.780495,12752,-55.57526,-48.121159,-25.349503,-21.58906,0,3.014314e+21,24.173,100.823,32.199,-0.40396821,3654618000000.0,0.02148992,0.00549559,26.829,1709426000000.0,20.756,2.294
2019.11.15_12:00:00_TAI,129.282,7389,0.0,98.637,1.58871e+21,5.841324e+21,1751.669,63.80212,12752,-42.523102,-35.34428,-25.273779,-21.510189,0,1.58871e+21,25.804,128.077,40.502,-0.21114267,2213592000000.0,0.0147008,0.00394039,9.894,727019300000.0,22.649,4.5
2019.11.16_12:00:00_TAI,134.582,7389,1.901,88.263,1.376992e+21,5.286526e+21,1771.556,90.665154,12752,-29.662601,-21.622091,-25.41222,-21.005733,0,1.376992e+21,26.985,132.197,44.08,0.46961927,2055932000000.0,0.0211984,0.00521317,11.714,814349700000.0,23.424,5.296
2019.11.17_12:00:00_TAI,143.822,7389,0.0,65.824,9.148598e+20,3.192525e+21,1653.322,74.109558,12752,-16.516613,-8.489117,-25.324108,-20.989016,0,9.148598e+20,28.552,142.124,54.086,0.49713796,1395386000000.0,0.00826833,0.00224178,3.26,455104500000.0,22.35,4.746
2019.11.18_12:00:00_TAI,145.509,7389,1.783,35.406,4.836131e+20,1.55421e+21,1457.41,51.032463,12752,-2.983463,3.81492,-25.487392,-21.612152,0,4.836131e+20,29.523,145.261,59.723,0.79831892,778036100000.0,0.03350844,0.00851478,6.837,407654900000.0,21.215,3.736
2019.11.19_12:00:00_TAI,133.16,7389,0.0,14.696,2.369798e+20,7.110464e+20,1331.862,21.843729,12752,9.61929,13.620882,-25.987915,-23.951605,0,2.369798e+20,28.754,134.545,53.374,1.13397384,346214900000.0,0.02445396,0.00563987,2.267,234242800000.0,20.453,1.99
2019.11.20_12:00:00_TAI,164.668,7389,0.0,5.214,8.193028e+19,2.625384e+20,1568.952,6.86636,12752,23.09042,25.20776,-26.152508,-25.070635,0,8.193028e+19,28.854,163.75,55.564,1.71376109,114503000000.0,0.02292296,0.00639992,0.806,110913200000.0,19.001,0.794
2019.12.24_12:00:00_TAI,127.194,7399,2.794,255.212,3.765299e+21,2.592964e+22,4009.999,87.067345,12753,-56.722626,-46.900265,-31.974611,-28.209223,0,3.765299e+21,34.759,122.01,56.235,-0.11490085,4500016000000.0,-0.00058917,-0.00029436,1.433,284754300000.0,27.205,9.756
2019.12.24_12:00:00_TAI,114.69,7400,0.0,51.974,5.390345e+20,5.01079e+21,3713.642,19.349543,12754,18.89389,21.465151,24.980709,26.315811,0,5.390345e+20,56.117,112.923,72.573,1.56182003,1124451000000.0,-0.02161493,-0.00791792,8.045,807666300000.0,41.13,36.22
2019.12.25_12:00:00_TAI,126.412,7399,2.206,172.052,2.887177e+21,1.893922e+22,3537.829,98.886017,12753,-44.473614,-33.712204,-32.442215,-28.471529,0,2.887177e+21,33.799,124.568,55.214,-0.00745699,3454264000000.0,-0.00340653,-0.00144516,5.825,390487300000.0,26.199,8.335
2019.12.25_12:00:00_TAI,145.127,7400,0.0,54.231,7.677659e+20,4.048637e+21,2731.695,25.619675,12754,30.671242,35.64035,24.48667,27.185772,0,7.677659e+20,34.431,147.455,69.138,0.84467715,1005696000000.0,0.00720872,0.00291032,3.248,479754200000.0,24.957,6.631
2019.12.26_12:00:00_TAI,143.517,7399,0.0,114.72,1.649801e+21,7.086909e+21,2124.344,81.613792,12753,-31.841496,-21.249491,-32.849041,-28.953316,0,1.649801e+21,30.547,143.394,53.588,-0.04092483,2435415000000.0,-0.00135737,-0.00044563,1.119,422709300000.0,24.875,8.201
2019.12.26_12:00:00_TAI,114.22,7400,0.0,25.234,5.671387e+20,1.426393e+21,1256.206,20.491501,12754,42.819332,45.914669,25.797207,27.359287,0,5.671387e+20,25.277,114.596,40.233,-0.96318191,519583300000.0,0.02575827,0.00766647,6.555,419081100000.0,18.96,0.702
2019.12.27_12:00:00_TAI,135.248,7399,0.0,70.237,1.111372e+21,4.133923e+21,1664.594,80.935463,12753,-19.318226,-9.372896,-33.481182,-29.212709,0,1.111372e+21,27.882,133.643,45.402,0.14214948,1646787000000.0,0.00656894,0.00159978,2.992,154097400000.0,23.557,5.187
2019.12.28_12:00:00_TAI,133.21,7399,0.0,76.389,1.18574e+21,4.641046e+21,1792.127,91.738655,12753,-6.822606,3.520002,-33.614407,-29.485119,0,1.18574e+21,30.905,133.658,52.465,0.50874728,1651453000000.0,-0.00382208,-0.00099699,1.944,504765600000.0,23.482,5.897
2019.12.29_12:00:00_TAI,139.882,7399,0.0,54.549,8.82366e+20,3.221905e+21,1709.692,69.268173,12753,6.798143,15.732508,-33.564186,-29.731655,0,8.82366e+20,29.387,140.46,54.974,0.5418672,1200934000000.0,-0.02668268,-0.00717289,10.178,596721900000.0,21.887,2.607
2019.12.30_12:00:00_TAI,130.387,7399,0.0,41.019,7.261507e+20,2.341649e+21,1391.659,48.375198,12753,20.437525,27.736692,-33.068821,-29.777287,0,7.261507e+20,26.601,130.673,42.897,0.44945621,987407300000.0,-0.00867658,-0.00190825,2.418,289707800000.0,21.75,2.999
